1001614110517,ksmaybe,lab2,main,4e3e44b6a6e102115dc4a1908890817d6c64b3b0,100
1614110616,ksmaybe,lab2,main,4e3e44b6a6e102115dc4a1908890817d6c64b3b0,100
1614111478,iLtc,lab2,main,4e3e44b6a6e102115dc4a1908890817d6c64b3b0,100
1614636457,Gii27,lab2,main,4e3e44b6a6e102115dc4a1908890817d6c64b3b0,100
1614637472,kylesyx,lab2,main,4e3e44b6a6e102115dc4a1908890817d6c64b3b0,100
1614637589,ChangZLiu,lab2,main,4e3e44b6a6e102115dc4a1908890817d6c64b3b0,100
1614766731,xor-cliu,lab2,main,4e3e44b6a6e102115dc4a1908890817d6c64b3b0,100
1614766761,yt2097,lab2,main,4e3e44b6a6e102115dc4a1908890817d6c64b3b0,100
1614766786,EAirPeter,lab2,main,4e3e44b6a6e102115dc4a1908890817d6c64b3b0,100
1614766806,nickfang96,lab2,main,4e3e44b6a6e102115dc4a1908890817d6c64b3b0,100
1614766851,Readw1,lab2,main,4e3e44b6a6e102115dc4a1908890817d6c64b3b0,100
1614766875,yf1357,lab2,main,4e3e44b6a6e102115dc4a1908890817d6c64b3b0,100
1614766894,Luolingwei,lab2,main,4e3e44b6a6e102115dc4a1908890817d6c64b3b0,100
1614766922,diogocvieira,lab2,main,4e3e44b6a6e102115dc4a1908890817d6c64b3b0,100
1614766972,kmish0923,lab2,main,4e3e44b6a6e102115dc4a1908890817d6c64b3b0,100
1614767000,ameymhadgut,lab2,main,4e3e44b6a6e102115dc4a1908890817d6c64b3b0,100
1614767023,parijatparimal29,lab2,main,4e3e44b6a6e102115dc4a1908890817d6c64b3b0,100
1614767044,disconsis,lab2,main,4e3e44b6a6e102115dc4a1908890817d6c64b3b0,100
1614767065,reggieag,lab2,main,4e3e44b6a6e102115dc4a1908890817d6c64b3b0,100
1614767159,zhengqixi,lab2,main,4e3e44b6a6e102115dc4a1908890817d6c64b3b0,100
1614767184,agnithamohan,lab2,main,4e3e44b6a6e102115dc4a1908890817d6c64b3b0,100
1614767204,aathiramanoj,lab2,main,4e3e44b6a6e102115dc4a1908890817d6c64b3b0,100
1614767226,Rutvi-Malaviya,lab2,main,4e3e44b6a6e102115dc4a1908890817d6c64b3b0,100
1614767243,XxwizxX,lab2,main,4e3e44b6a6e102115dc4a1908890817d6c64b3b0,100
1614767300,yf1357,lab2,main,4e3e44b6a6e102115dc4a1908890817d6c64b3b0,100
1614767329,agnes-sharan,lab2,main,4e3e44b6a6e102115dc4a1908890817d6c64b3b0,100
1614767372,ntlz,lab2,main,4e3e44b6a6e102115dc4a1908890817d6c64b3b0,100
1614767835,wsghlby,lab2,main,4e3e44b6a6e102115dc4a1908890817d6c64b3b0,100
